drug_id,Name,Synonyms,Targets,PubCHEM,Target pathway,PubCHEM,Sample Size,Count,jlk_X,jlk_XX,,,PubCHEM,Drug name,
1635,Picolinici-acid,Picolinate,Inflammatory related,1018,Other,1018,GDSC2,728,SANGER,565,,,10384072,681640,Cell cycle
1049,PD173074,"PD-173074, PD 173074","FGFR1, FGFR2, FGFR3",1401,RTK signaling,1401,GDSC1,946,SANGER,565,,,9863776,(5Z)-7-Oxozeaenol,"Other, kinases"
1049,PD173074,"PD-173074, PD 173074","FGFR1, FGFR2, FGFR3",1401,RTK signaling,1401,GDSC2,758,SANGER,565,,,10172943,A-443654,PI3K/MTOR signaling
150,Bicalutamide,"ICI-176334, Casodex, Cosudex, ICI 176334",AR,2375,Hormone-related,2375,GDSC1,878,MGH,565,,,9549184,A-770041,"Other, kinases"
1502,Bicalutamide,"ICI-176334, Casodex, Cosudex, ICI 176334",AR,2375,Hormone-related,2375,GDSC1,875,SANGER,565,,,10184653,Afatinib,EGFR signaling
1512,Cyclophosphamide,"Cytoxan, Neosar, Cyclophosphamid, Procytox, Cyclophosphane",Alkylating agent,2907,DNA replication,2907,GDSC2,751,SANGER,565,,,10196499,AKT inhibitor VIII,PI3K/MTOR signaling
172,Embelin,"Emberine, Embelic acid",XIAP,3218,Apoptosis regulation,3218,GDSC1,880,MGH,565,,,49806720,Alectinib,RTK signaling
179,5-Fluorouracil,5-FU,Antimetabolite (DNA & RNA),3385,Other,3385,GDSC1,913,MGH,565,,,11282283,Amuvatinib,RTK signaling
1073,5-Fluorouracil,5-FU,Antimetabolite (DNA & RNA),3385,Other,3385,GDSC2,806,SANGER,565,,,6918848,AR-42,Chromatin histone acetylation
288,WHI-P97,"AC1L1GQE, KIN001-055",JAK3,3796,"Other, kinases",3796,GDSC1,918,MGH,565,,,10109823,AS601245,JNK and p38 signaling
1578,Leflunomide,"Sulol, SU-101, HWA-486, Arava",Pyrimidine synthesis inhibitor,3899,DNA replication,3899,GDSC2,728,SANGER,565,,,5289247,AS605240,PI3K/MTOR signaling
88,Entinostat,MS-275,"HDAC1, HDAC3",4261,Chromatin histone acetylation,4261,GDSC1,395,MGH,565,,,11338033,AT-7519,Cell cycle
1593,Entinostat,MS-275,"HDAC1, HDAC3",4261,Chromatin histone acetylation,4261,GDSC2,735,SANGER,565,,,46883536,Avagacestat,Other
71,Pyrimethamine,"Daraprim, Chloridine",Dihydrofolate reductase (DHFR),4993,Other,4993,GDSC1,399,MGH,565,,,6450551,Axitinib,RTK signaling
170,Shikonin,Anchusin,not defined,5208,Other,5208,GDSC1,880,MGH,565,,,11676786,AZ628,ERK MAPK signaling
34,Imatinib,"Gleevec, STI-571","ABL, KIT, PDGFR",5291,"Other, kinases",5291,GDSC1,407,MGH,565,,,44137675,AZD6482,PI3K/MTOR signaling
1012,Vorinostat,"Zolinza, SAHA, suberanilohydroxamic acid, suberoylanilide hydroxamic acid, MK-0683","HDAC inhibitor Class I, IIa, IIb, IV",5311,Chromatin histone acetylation,5311,GDSC1,948,SANGER,565,,,11152667,AZD7762,Cell cycle
1012,Vorinostat,"Zolinza, SAHA, suberanilohydroxamic acid, suberoylanilide hydroxamic acid, MK-0683","HDAC inhibitor Class I, IIa, IIb, IV",5311,Chromatin histone acetylation,5311,GDSC2,758,SANGER,565,,,25262965,AZD8055,PI3K/MTOR signaling
1375,Temozolomide,"Temodar, Temodal, M-39831, SCH 52365",DNA alkylating agent,5394,DNA replication,5394,GDSC1,908,SANGER,565,,,10200390,BAY-61-3606,"Other, kinases"
1375,Temozolomide,"Temodar, Temodal, M-39831, SCH 52365",DNA alkylating agent,5394,DNA replication,5394,GDSC2,750,SANGER,565,,,6918638,Belinostat,Chromatin histone acetylation
136,Mitomycin-C,"Mytozytrex, NSC-26980, MMC, Mitosol, Mitozytrex",DNA crosslinker,5746,DNA replication,5746,GDSC1,877,MGH,565,,,11364421,BI-2536,Cell cycle
1006,Cytarabine,"Ara-Cytidine, Arabinosyl Cytosine, U-19920",Antimetabolite,6253,Other,6253,GDSC1,937,SANGER,565,,,46931012,BIX02189,ERK MAPK signaling
1006,Cytarabine,"Ara-Cytidine, Arabinosyl Cytosine, U-19920",Antimetabolite,6253,Other,6253,GDSC2,752,SANGER,565,,,5360373,Bleomycin,DNA replication
196,Phenformin,DBI,Biguanide agent,8249,Other,8249,GDSC1,907,MGH,565,,,5460769,Bleomycin (50 uM),DNA replication
1003,Camptothecin,"Camptothecine, (+)-Camptothecin",TOP1,24360,DNA replication,24360,GDSC2,808,SANGER,565,,,9813758,BMS-345541,"Other, kinases"
133,Doxorubicin,"Doxil, Rubex, Adriamycin, Adriablastin, Doxorubicine",Anthracycline,31703,DNA replication,31703,GDSC1,877,MGH,565,,,20635522,BMS-509744,"Other, kinases"
11,Paclitaxel,"BMS-181339-01, Taxol, Onxol, Paxene, Praxel, Abraxane",Microtubule stabiliser,36314,Mitosis,36314,GDSC1,397,MGH,565,,,10390396,BMS-536924,IGF1R signaling
1080,Paclitaxel,"BMS-181339-01, Taxol, Onxol, Paxene, Praxel, Abraxane",Microtubule stabiliser,36314,Mitosis,36314,GDSC2,757,SANGER,565,,,24785538,BMS-754807,RTK signaling
134,Etoposide,"Etopophos, Vepesid, Eposin, VP-16",TOP2,36462,DNA replication,36462,GDSC1,886,MGH,565,,,387447,Bortezomib,Protein stability and degradation
1511,Epirubicin,"Ellence, Farmorubicin, IMI-28",Anthracycline,41867,DNA replication,41867,GDSC2,752,SANGER,565,,,5328940,Bosutinib,"Other, kinases"
269,NSC-207895,"XI-006, NSC207895",MDM4,42640,p53 pathway,42640,GDSC1,914,MGH,565,,,5280757,Bryostatin 1,Other
135,Gemcitabine,"Gemzar, LY-188011",Pyrimidine antimetabolite,60750,DNA replication,60750,GDSC1,865,MGH,565,,,10077147,BX796,"Other, kinases"
1190,Gemcitabine,"Gemzar, LY-188011",Pyrimidine antimetabolite,60750,DNA replication,60750,GDSC2,756,SANGER,565,,,11754511,BX-912,Metabolism
1088,Irinotecan,"Camptosar, (+)-Irinotecan, Irinotecanum, irinotecan hydrochloride",TOP1,60838,DNA replication,60838,GDSC2,801,SANGER,565,,,25102847,Cabozantinib,RTK signaling
1001,AICA Ribonucleotide,"AICAR, N1-(b-D-Ribofuranosyl)-5-aminoimidazole-4-carboxamide",AMPK agonist,65110,Metabolism,65110,GDSC1,939,SANGER,565,,,24951314,CAY10603,Chromatin histone acetylation
41,S-Trityl-L-cysteine,"NSC 83265, Tritylcysteine",KIF11,76044,Mitosis,76044,GDSC1,398,MGH,565,,,2314623,CCT007093,Cell cycle
186,Bexarotene,"LG-100069, Targretin, Targret, Targrexin, Targretyn, Bexarotenum",Retinioic X receptor (RXR) agonist,82146,Other,82146,GDSC1,869,MGH,565,,,5327091,CCT-018159,Protein stability and degradation
1005,Cisplatin,"cis-Diammineplatinum(II) dichloride, Platinol, CIS-DDP",DNA crosslinker,84691,DNA replication,84691,GDSC1,948,SANGER,565,,,85668777,Cetuximab,EGFR signaling
1005,Cisplatin,"cis-Diammineplatinum(II) dichloride, Platinol, CIS-DDP",DNA crosslinker,84691,DNA replication,84691,GDSC2,768,SANGER,565,,,24825971,CGP-082996,Cell cycle
1200,Fulvestrant,"Faslodex, ICI-182780",ESR,104741,Hormone-related,104741,GDSC2,764,SANGER,565,,,644215,CGP-60474,Cell cycle
1494,SN-38,"7-Ethyl-10-Hydroxy-Camptothecin, SN 38",TOP1,104842,DNA replication,104842,GDSC1,952,SANGER,565,,,9956119,CHIR-99021,WNT signaling
1010,Gefitinib,"ZD-1839, Iressa",EGFR,123631,EGFR signaling,123631,GDSC1,941,SANGER,565,,,6918454,CI-1040,ERK MAPK signaling
1010,Gefitinib,"ZD-1839, Iressa",EGFR,123631,EGFR signaling,123631,GDSC2,752,SANGER,565,,,16663089,CMK,"Other, kinases"
1024,Lestaurtinib,"CEP-701, SP-924, SPM-924, A-154475, KT-555","FLT3, JAK2, NTRK1, NTRK2, NTRK3",126565,"Other, kinases",126565,GDSC1,943,SANGER,565,,,44551660,CP466722,Genome integrity
1008,Methotrexate,"Abitrexate, Amethopterin, Rheumatrex, Trexall, Folex",Antimetabolite,126941,DNA replication,126941,GDSC1,947,SANGER,565,,,9874913,CP724714,RTK signaling
1007,Docetaxel,"RP-56976, Taxotere",Microtubule stabiliser,148124,Mitosis,148124,GDSC1,947,SANGER,565,,,11626560,Crizotinib,RTK signaling
1007,Docetaxel,"RP-56976, Taxotere",Microtubule stabiliser,148124,Mitosis,148124,GDSC2,766,SANGER,565,,,24756910,CUDC-101,Other
1042,Doramapimod,"BIRB-796, BIRB 796","p38, JNK2",156422,JNK and p38 signaling,156422,GDSC1,927,SANGER,565,,,25257557,CX-5461,Other
1042,Doramapimod,"BIRB-796, BIRB 796","p38, JNK2",156422,JNK and p38 signaling,156422,GDSC2,47,SANGER,565,,,442972,Cyclopamine,Other
204,Tipifarnib,Zarnestra,Farnesyl-transferase (FNTA),159324,Other,159324,GDSC1,878,MGH,565,,,44462760,Dabrafenib,ERK MAPK signaling
110,Seliciclib,"Roscovitine, CYC-202, AL-39256","CDK2, CDK7, CDK9",160355,Cell cycle,160355,GDSC1,395,MGH,565,,,6445533,Dacinostat,Chromatin histone acetylation
1025,SB216763,"SB-216763, SB 216763","GSK3A, GSK3B",176158,WNT signaling,176158,GDSC1,851,SANGER,565,,,11977753,Dactolisib,PI3K/MTOR signaling
1025,SB216763,"SB-216763, SB 216763","GSK3A, GSK3B",176158,WNT signaling,176158,GDSC2,96,SANGER,565,,,6914657,Daporinad,Metabolism
229,Enzastaurin,LY317615,PKCB,176167,"Other, kinases",176167,GDSC1,918,MGH,565,,,3062316,Dasatinib,RTK signaling
1,Erlotinib,"Tarceva, RG-1415, CP-358774, OSI-774, Ro-508231, R-1415",EGFR,176870,EGFR signaling,176870,GDSC1,394,MGH,565,,,560326,DMOG,Metabolism
1168,Erlotinib,"Tarceva, RG-1415, CP-358774, OSI-774, Ro-508231, R-1415",EGFR,176870,EGFR signaling,176870,GDSC2,752,SANGER,565,,,156422,Doramapimod,#N/A
119,Lapatinib,"Tykerb, Tyverb","EGFR, ERBB2",208908,RTK signaling,208908,GDSC1,396,MGH,565,,,9938202,EHT-1864,Cytoskeleton
1558,Lapatinib,"Tykerb, Tyverb","EGFR, ERBB2",208908,EGFR signaling,208908,GDSC2,757,SANGER,565,,,300471,Elesclomol,Protein stability and degradation
30,Sorafenib,"Nexavar, 284461-73-0, BAY 43-9006","PDGFR, KIT, VEGFR, RAF",216239,RTK signaling,216239,GDSC1,398,MGH,565,,,176167,Enzastaurin,#N/A
1085,Sorafenib,"Nexavar, 284461-73-0, BAY 43-9006","PDGFR, KIT, VEGFR, RAF",216239,"Other, kinases",216239,GDSC2,757,SANGER,565,,,448013,Epothilone B,Mitosis
1020,Lenalidomide,"CDC-501, CC-5013, Revlimid",CRBN,216326,Protein stability and degradation,216326,GDSC1,947,SANGER,565,,,176870,Erlotinib,#N/A
1931,MIRA-1,"MIRA 1, MIRA1, NSC19630, NSC-19630, NSC 19630",TP53,227681,p53 pathway,227681,GDSC2,751,SANGER,565,,,16722836,Fedratinib,"Other, kinases"
1031,Elesclomol,STA-4783,HSP90,300471,Protein stability and degradation,300471,GDSC1,934,SANGER,565,,,3463933,FH535,Other
104,Bortezomib,"PS-341, LDP-341, Velcade",Proteasome,387447,Protein stability and degradation,387447,GDSC1,393,MGH,565,,,none,FMK,Chromatin histone acetylation
1191,Bortezomib,"PS-341, LDP-341, Velcade",Proteasome,387447,Protein stability and degradation,387447,GDSC2,756,SANGER,565,,,11493598,FR-180204,ERK MAPK signaling
1009,Tretinoin,"ATRA, Vesanoid, Renova, Atralin, Tretin-X, Avita",Retinoic acid,444795,Other,444795,GDSC1,937,SANGER,565,,,3005532,FTI-277,Other
180,Thapsigargin,Octanoic acid,SERCA,446378,Other,446378,GDSC1,858,MGH,565,,,none,Genentech Cpd 10,Chromatin histone acetylation
333,T0901317,"TO-901317, TO901317","LXR, FXR",447912,Other,447912,GDSC1,913,MGH,565,,,5311510,GNF-2,ABL signaling
201,Epothilone B,"Patupilone, EpoB, EPO906, GNF-PF-193",Microtubule stabiliser,448013,Mitosis,448013,GDSC1,875,MGH,565,,,46885626,GSK1070916,Mitosis
9,MG-132,"LLL cpd, MG 132, MG132","Proteasome, CAPN1",462382,Protein stability and degradation,462382,GDSC1,398,MGH,565,,,25124816,GSK1904529A,RTK signaling
1862,MG-132,"LLL cpd, MG 132, MG132","Proteasome, CAPN1",462382,Protein stability and degradation,462382,GDSC2,773,SANGER,565,,,16095342,GSK269962A,Cytoskeleton
176,IPA-3,IPA 3,PAK1,521106,Cytoskeleton,521106,GDSC1,876,MGH,565,,,11626927,GSK319347A,"Other, kinases"
165,DMOG,Dimethyloxalylglcine,HIF-PH,560326,Metabolism,560326,GDSC1,883,MGH,565,,,11373846,GSK429286A,Cytoskeleton
1243,Piperlongumine,Piplartine,Induces reactive oxygen species,637858,Other,637858,GDSC1,924,SANGER,565,,,25022668,GSK650394,"Other, kinases"
53,CGP-60474,"KIN001-019, CGP60474, CGP 60474","CDK1,CDK2,CDK5,CDK7,CDK9, PKC",644215,Cell cycle,644215,GDSC1,399,MGH,565,,,16725726,GSK690693,PI3K/MTOR signaling
1013,Nilotinib,"Tasigna, AMN 107",ABL,644241,ABL signaling,644241,GDSC1,947,SANGER,565,,,11617559,GW-2580,RTK signaling
1013,Nilotinib,"Tasigna, AMN 107",ABL,644241,ABL signaling,644241,GDSC2,757,SANGER,565,,,9943465,GW441756,RTK signaling
258,STF-62247,STF62247,Autophagy inducer,704473,Other,704473,GDSC1,916,MGH,565,,,9826308,GW843682X,Cell cycle
1939,UMI-77,"UMI 77, UMI-77",MCL1,992586,Apoptosis regulation,992586,GDSC2,752,SANGER,565,,,none,HG-5-113-01,Chromatin histone acetylation
1576,IWP-2,Wnt Inhibitor IWP-2,PORCN,2155128,WNT signaling,2155128,GDSC2,727,SANGER,565,,,none,HG-5-88-01,Chromatin histone acetylation
1067,CCT007093,,PPM1D,2314623,Cell cycle,2314623,GDSC1,936,SANGER,565,,,53302361,HG6-64-1,ERK MAPK signaling
1268,XAV939,"NVP-XAV939, XAV-939, XAV 939","TNKS1, TNKS2",2726824,WNT signaling,2726824,GDSC1,916,SANGER,565,,,46943432,I-BET-762,Chromatin other
1268,XAV939,"NVP-XAV939, XAV-939, XAV 939","TNKS1, TNKS2",2726824,WNT signaling,2726824,GDSC2,728,SANGER,565,,,11625818,Idelalisib,PI3K/MTOR signaling
1199,Tamoxifen,"Nolvadex, Soltamox, Zynoplex, ICI-46474, Kessar",ESR1,2733526,Hormone-related,2733526,GDSC1,924,SANGER,565,,,54685215,IOX2,Other
1199,Tamoxifen,"Nolvadex, Soltamox, Zynoplex, ICI-46474, Kessar",ESR1,2733526,Hormone-related,2733526,GDSC2,756,SANGER,565,,,521106,IPA-3,#N/A
1854,MN-64,,"TNKS1, TNKS2",2802462,WNT signaling,2802462,GDSC2,728,SANGER,565,,,6450816,Ispinesib Mesylate,Mitosis
1940,WIKI4,"WIKI-4, WIKI 4","TNKS1, TNKS2",2984337,WNT signaling,2984337,GDSC2,751,SANGER,565,,,11624601,JNK Inhibitor VIII,JNK and p38 signaling
166,FTI-277,,Farnesyl-transferase (FNTA),3005532,Other,3005532,GDSC1,887,MGH,565,,,25222038,JNK-9L,JNK and p38 signaling
51,Dasatinib,"BMS-354825-03, BMS-354825, Sprycel","ABL, SRC, Ephrins, PDGFR, KIT",3062316,RTK signaling,3062316,GDSC1,394,MGH,565,,,46907787,JQ1,Chromatin other
1079,Dasatinib,"BMS-354825-03, BMS-354825, Sprycel","ABL, SRC, Ephrins, PDGFR, KIT",3062316,"Other, kinases",3062316,GDSC2,760,SANGER,565,,,none,JQ12,Chromatin histone acetylation
173,FH535,,"PPARgamma, PPARdelta",3463933,Other,3463933,GDSC1,875,MGH,565,,,none,JW-7-24-1,Chromatin histone acetylation
151,QS11,944328-88-5,ARFGAP1,4263900,Other,4263900,GDSC1,879,MGH,565,,,49836027,JW-7-52-1,PI3K/MTOR signaling
341,Selisistat,"EX-527, EX 527",SIRT1,5113032,Chromatin histone acetylation,5113032,GDSC1,915,MGH,565,,,none,KIN001-236,Chromatin histone acetylation
1030,KU-55933,KU55933,ATM,5278396,Genome integrity,5278396,GDSC1,945,SANGER,565,,,56965967,KIN001-244,Metabolism
1030,KU-55933,KU55933,ATM,5278396,Genome integrity,5278396,GDSC2,49,SANGER,565,,,10451420,KIN001-260,"Other, kinases"
197,Bryostatin 1,Bryostatin,PKC,5280757,Other,5280757,GDSC1,874,MGH,565,,,44143370,KIN001-266,ERK MAPK signaling
224,AS605240,"KIN001-173, AS-605240",PI3Kgamma,5289247,PI3K/MTOR signaling,5289247,GDSC1,915,MGH,565,,,66577006,KIN001-270,Cell cycle
1089,Oxaliplatin,Eloxatin,DNA alkylating agent,5310940,DNA replication,5310940,GDSC2,802,SANGER,565,,,5278396,KU-55933,#N/A
140,Vinorelbine,"vinorelbine tartrate, Navelbine, Exelbine",Microtubule destabiliser,5311497,Mitosis,5311497,GDSC1,887,MGH,565,,,208908,Lapatinib,#N/A
2048,Vinorelbine,"vinorelbine tartrate, Navelbine, Exelbine",Microtubule destabiliser,5311497,Mitosis,5311497,GDSC2,750,SANGER,565,,,216326,Lenalidomide,#N/A
52,GNF-2,KIN001-013,BCR-ABL,5311510,ABL signaling,5311510,GDSC1,397,MGH,565,,,54676905,LFM-A13,"Other, kinases"
1170,CCT-018159,"CCT018159, CCT 018159",HSP90,5327091,Protein stability and degradation,5327091,GDSC1,935,SANGER,565,,,11485656,Linifanib,RTK signaling
1019,Bosutinib,"SKI-606, Bosulif","SRC, ABL, TEC",5328940,"Other, kinases",5328940,GDSC1,946,SANGER,565,,,11640390,Linsitinib,IGF1R signaling
5,Sunitinib,"Sutent, Sunitinib Malate, SU-11248","PDGFR, KIT, VEGFR, FLT3, RET, CSF1R",5329102,RTK signaling,5329102,GDSC1,398,MGH,565,,,10096043,Luminespib,Protein stability and degradation
1054,Palbociclib,"PD0332991, PD-0332991, PF-00080665-73","CDK4, CDK6",5330286,Cell cycle,5330286,GDSC1,901,SANGER,565,,,10074640,Masitinib,RTK signaling
1054,Palbociclib,"PD0332991, PD-0332991, PF-00080665-73","CDK4, CDK6",5330286,Cell cycle,5330286,GDSC2,770,SANGER,565,,,462382,MG-132,#N/A
3,Rapamycin,"AY-22989, Sirolimus, WY-090217, Torisel, Rapamune",MTORC1,5384616,PI3K/MTOR signaling,5384616,GDSC1,358,MGH,565,,,9829523,Midostaurin,Other
1084,Rapamycin,"AY-22989, Sirolimus, WY-090217, Torisel, Rapamune",MTORC1,5384616,PI3K/MTOR signaling,5384616,GDSC2,745,SANGER,565,,,46930998,MK-2206,PI3K/MTOR signaling
147,NSC-87877,NSC 87877,"SHP-1 (PTPN6), SHP-2 (PTPN11)",5459322,Other,5459322,GDSC1,884,MGH,565,,,11667893,Motesanib,RTK signaling
1378,Bleomycin (50 uM),,dsDNA break induction,5460769,DNA replication,5460769,GDSC1,933,SANGER,565,,,25195352,MPS-1-IN-1,Mitosis
32,Tozasertib,"MK 0457,MK-0457,MK-045, VX-680 VX 680 VX-68","AURKA, AURKB, AURKC, others",5494449,Mitosis,5494449,GDSC1,394,MGH,565,,,24978538,Navitoclax,Apoptosis regulation
1096,Tozasertib,"MK 0457,MK-0457,MK-045, VX-680 VX 680 VX-68","AURKA, AURKB, AURKC, others",5494449,Mitosis,5494449,GDSC2,49,SANGER,565,,,53340664,NG-25,"Other, kinases"
111,Salubrinal,EIF-2alpha Inhibitor,EIF2A,5717801,Other,5717801,GDSC1,397,MGH,565,,,644241,Nilotinib,#N/A
200,Dacinostat,"NVP-LAQ824, LAQ824",HDAC1,6445533,Chromatin histone acetylation,6445533,GDSC1,878,MGH,565,,,none,NPK76-II-72-1,Chromatin histone acetylation
282,Pelitinib,"EKB-569, EKB 569",EGFR,6445562,EGFR signaling,6445562,GDSC1,919,MGH,565,,,5459322,NSC-87877,#N/A
1021,Axitinib,"AG-13736, Inlyta","PDGFR, KIT, VEGFR",6450551,RTK signaling,6450551,GDSC1,941,SANGER,565,,,11327430,NU7441,Genome integrity
1021,Axitinib,"AG-13736, Inlyta","PDGFR, KIT, VEGFR",6450551,RTK signaling,6450551,GDSC2,50,SANGER,565,,,11433190,Nutlin-3a (-),p53 pathway
208,Ispinesib Mesylate,SB-715992,KSP,6450816,Mitosis,6450816,GDSC1,917,MGH,565,,,16747388,NVP-BHG712,RTK signaling
1026,Tanespimycin,"17-AAG, BMS-722782",HSP90,6505803,Protein stability and degradation,6505803,GDSC1,944,SANGER,565,,,16038120,NVP-TAE684,RTK signaling
1004,Vinblastine,Velban,Microtubule destabiliser,6710780,Mitosis,6710780,GDSC1,945,SANGER,565,,,11404337,Obatoclax Mesylate,Apoptosis regulation
1004,Vinblastine,Velban,Microtubule destabiliser,6710780,Mitosis,6710780,GDSC2,750,SANGER,565,,,23725625,Olaparib,Genome integrity
175,PAC-1,GTPL5238,"Procaspase-3, Procaspase-7",6753378,Apoptosis regulation,6753378,GDSC1,865,MGH,565,,,25167777,Omipalisib,PI3K/MTOR signaling
303,PIK-93,"PIK 93, PIK93",PI3Kgamma,6852167,PI3K/MTOR signaling,6852167,GDSC1,917,MGH,565,,,44224160,OSI-027,PI3K/MTOR signaling
1248,Daporinad,"APO866,  FK866, FK866",NAMPT,6914657,Metabolism,6914657,GDSC1,890,SANGER,565,,,9868037,OSI-930,RTK signaling
1248,Daporinad,"APO866,  FK866, FK866",NAMPT,6914657,Metabolism,6914657,GDSC2,382,SANGER,565,,,10027278,OSU-03012,Metabolism
1016,Temsirolimus,"CCI-779, Torisel",MTOR,6918289,PI3K/MTOR signaling,6918289,GDSC1,928,SANGER,565,,,6753378,PAC-1,#N/A
1015,CI-1040,"CI 1040, PD-18435, PD-184352, 212631-79-3","MEK1, MEK2",6918454,ERK MAPK signaling,6918454,GDSC1,930,SANGER,565,,,5330286,Palbociclib,#N/A
274,Belinostat,"PXD101, PXD-101",HDAC1,6918638,Chromatin histone acetylation,6918638,GDSC1,892,MGH,565,,,7251185,Parthenolide,Chromatin histone acetylation
272,AR-42,"HDAC-42, AR 42, AR42",HDAC1,6918848,Chromatin histone acetylation,6918848,GDSC1,905,MGH,565,,,10113978,Pazopanib,RTK signaling
89,Parthenolide,,HDAC1,7251185,Chromatin histone acetylation,7251185,GDSC1,401,MGH,565,,,9826528,PD0325901,ERK MAPK signaling
55,A-770041,KIN001-111,"LCK, FYN",9549184,"Other, kinases",9549184,GDSC1,399,MGH,565,,,6445562,Pelitinib,#N/A
309,Y-39983,,ROCK,9810884,Cytoskeleton,9810884,GDSC1,917,MGH,565,,,16720766,Pevonedistat,Other
203,BMS-345541,"BMS345541, IKK Inhibitor 3","IKK1, IKK2",9813758,"Other, kinases",9813758,GDSC1,922,MGH,565,,,51371303,PF-4708671,PI3K/MTOR signaling
1932,NVP-ADW742,"NVP ADW742, NVPADW742",IGF1R,9825149,IGF1R signaling,9825149,GDSC2,752,SANGER,565,,,11713159,PF-562271,Cytoskeleton
87,GW843682X,GW843682X (AN-13),PLK1,9826308,Cell cycle,9826308,GDSC1,396,MGH,565,,,71271629,PFI-1,Chromatin other
1060,PD0325901,"PD-0325901, PD 0325901","MEK1, MEK2",9826528,ERK MAPK signaling,9826528,GDSC1,932,SANGER,565,,,10461815,PHA-665752,RTK signaling
1060,PD0325901,"PD-0325901, PD 0325901","MEK1, MEK2",9826528,ERK MAPK signaling,9826528,GDSC2,804,SANGER,565,,,46191454,PHA-793887,Cell cycle
1194,SB505124,"SB 505124, SB505124","TGFBR1, ACVR1B, ACVR1C",9858940,RTK signaling,9858940,GDSC1,924,SANGER,565,,,9884685,PI-103,"Other, kinases"
1194,SB505124,"SB 505124, SB505124","TGFBR1, ACVR1B, ACVR1C",9858940,RTK signaling,9858940,GDSC2,47,SANGER,565,,,17755052,Pictilisib,PI3K/MTOR signaling
1242,(5Z)-7-Oxozeaenol,"5Z-7-Oxozeaenol, LL-Z1640-2",TAK1,9863776,"Other, kinases",9863776,GDSC1,912,SANGER,565,,,6852167,PIK-93,#N/A
298,OSI-930,OSI 930 OSI930,KIT,9868037,RTK signaling,9868037,GDSC1,919,MGH,565,,,637858,Piperlongumine,#N/A
255,CP724714,CP-724714,ERBB2,9874913,RTK signaling,9874913,GDSC1,920,MGH,565,,,24180719,PLX-4720,ERK MAPK signaling
302,PI-103,"PI-103, PI103, PI 103","PI3Kalpha, DAPK3, CLK4, PIM3, HIPK2",9884685,"Other, kinases",9884685,GDSC1,907,MGH,565,,,24826799,Ponatinib,"Other, kinases"
305,TPCA-1,,IKK2,9903786,"Other, kinases",9903786,GDSC1,918,MGH,565,,,none,QL-VIII-58,Chromatin histone acetylation
94,TGX221,"TGX-221, Tgx 221",PI3Kbeta,9907093,PI3K/MTOR signaling,9907093,GDSC1,398,MGH,565,,,none,QL-X-138,Chromatin histone acetylation
266,Zibotentan,"ZD4054, ZD-4054",Endothelin-1 receptor (EDNRA),9910224,Other,9910224,GDSC1,918,MGH,565,,,none,QL-XI-92,Chromatin histone acetylation
312,Tivozanib,"AV-951, AV 951, KRN-951, KIL8951, ASP-4130","VEGFR1, VEGFR2, VEGFR3",9911830,RTK signaling,9911830,GDSC1,918,MGH,565,,,none,QL-XII-47,Chromatin histone acetylation
1050,ZM447439,"ZM-447439, ZM 447439","AURKA, AURKB",9914412,Mitosis,9914412,GDSC1,947,SANGER,565,,,none,QL-XII-61,Chromatin histone acetylation
1050,ZM447439,"ZM-447439, ZM 447439","AURKA, AURKB",9914412,Mitosis,9914412,GDSC2,48,SANGER,565,,,4263900,QS11,#N/A
1249,BMS-345541,,"IKK-1, IKK-2",9926054,Other,9926054,GDSC2,728,SANGER,565,,,24889392,Quizartinib,RTK signaling
2043,BIBR-1532,,TERT,9927531,Genome integrity,9927531,GDSC2,749,SANGER,565,,,5384616,Rapamycin,#N/A
1175,Rucaparib,"PF-01367338, AG-014699, AG-14447, AG-14699","PARP1, PARP2",9931953,Genome integrity,9931953,GDSC1,940,SANGER,565,,,44182295,Refametinib,ERK MAPK signaling
1922,Cediranib,"AZD2171, AZD 2171, AZD-2171, Recentin","VEGFR, FLT1, FLT2, FLT3, FLT4, KIT, PDGFRB",9933475,RTK signaling,9933475,GDSC2,752,SANGER,565,,,44450571,RO-3306,Cell cycle
1626,OTX015,"Birabresib, OTX-015, MK-8628","BRD2, BRD3, BRD4",9936746,Chromatin other,9936746,GDSC2,728,SANGER,565,,,none,rTRAIL,Chromatin histone acetylation
1069,EHT-1864,EHT 1864,"RAC1, RAC2, RAC3",9938202,Cytoskeleton,9938202,GDSC1,941,SANGER,565,,,9931953,Rucaparib,#N/A
1023,GW441756,GW 441756,NTRK1,9943465,RTK signaling,9943465,GDSC1,944,SANGER,565,,,25126798,Ruxolitinib,"Other, kinases"
221,TAK-715,"KIN001-201, TAK 715","p38alpha, p38beta",9952773,JNK and p38 signaling,9952773,GDSC1,922,MGH,565,,,5717801,Salubrinal,#N/A
154,CHIR-99021,"CT 99021, CHIR99021, CHIR 99021","GSK3A, GSK3B",9956119,WNT signaling,9956119,GDSC1,885,MGH,565,,,10302451,Saracatinib,"Other, kinases"
1241,CHIR-99021,"CT 99021, CHIR99021, CHIR 99021","GSK3A, GSK3B",9956119,WNT signaling,9956119,GDSC1,911,SANGER,565,,,176158,SB216763,#N/A
310,YM201636,"YM-201636, YM 201636",PIKFYVE,9956222,PI3K/MTOR signaling,9956222,GDSC1,918,MGH,565,,,9858940,SB-505124,#N/A
304,SB52334,"SB-52334, SB 52334",ALK5,9967941,"Other, kinases",9967941,GDSC1,915,MGH,565,,,9967941,SB52334,"Other, kinases"
167,OSU-03012,"AR-12, OSU 03012, OSU03012, PDK1 inhibitor AR-12",PDK1 (PDPK1),10027278,Metabolism,10027278,GDSC1,877,MGH,565,,,11316960,SB590885,ERK MAPK signaling
292,Masitinib,"AB1010, Masivet","KIT, PDGFRA, PDGFRB",10074640,RTK signaling,10074640,GDSC1,919,MGH,565,,,160355,Seliciclib,#N/A
1037,BX795,BX-795,"TBK1, PDK1 (PDPK1), IKK, AURKB, AURKC",10077147,"Other, kinases",10077147,GDSC1,946,SANGER,565,,,5113032,Selisistat,#N/A
194,Luminespib,"AUY922, VER-52296,NVP-AUY922,  AUY",HSP90,10096043,Protein stability and degradation,10096043,GDSC1,869,MGH,565,,,10127622,Selumetinib,ERK MAPK signaling
1559,Luminespib,"AUY922, VER-52296,NVP-AUY922,  AUY",HSP90,10096043,Protein stability and degradation,10096043,GDSC2,804,SANGER,565,,,11178236,Sepantronium bromide,Apoptosis regulation
207,AS601245,,"JNK1, JNK2, JNK2",10109823,JNK and p38 signaling,10109823,GDSC1,877,MGH,565,,,11609586,Serdemetan,p53 pathway
199,Pazopanib,Votrient,"CSF1R, KIT,  PDGFRA, PDGFRB",10113978,RTK signaling,10113978,GDSC1,873,MGH,565,,,56962337,SGC0946,Chromatin histone methylation
1062,Selumetinib,"AZD6244, AZD-6244, ARRY-886","MEK1, MEK2",10127622,ERK MAPK signaling,10127622,GDSC1,893,SANGER,565,,,10459196,SL0101,"Other, kinases"
1498,Selumetinib,"AZD6244, AZD-6244, ARRY-886","MEK1, MEK2",10127622,ERK MAPK signaling,10127622,GDSC1,919,SANGER,565,,,24772860,SNX-2112,Protein stability and degradation
86,A-443654,KIN001-139,"AKT1, AKT2, AKT3",10172943,PI3K/MTOR signaling,10172943,GDSC1,399,MGH,565,,,216239,Sorafenib,#N/A
1032,Afatinib,"BIBW2992, Tovok, Gilotrif","ERBB2, EGFR",10184653,EGFR signaling,10184653,GDSC1,943,SANGER,565,,,704473,STF-62247,#N/A
1032,Afatinib,"BIBW2992, Tovok, Gilotrif","ERBB2, EGFR",10184653,EGFR signaling,10184653,GDSC2,805,SANGER,565,,,5329102,Sunitinib,#N/A
1377,Afatinib,"BIBW2992, Tovok, Gilotrif","ERBB2, EGFR",10184653,EGFR signaling,10184653,GDSC1,914,SANGER,565,,,447912,T0901317,#N/A
171,AKT inhibitor VIII,"Akti-1/2, KIN001-102","AKT1, AKT2, AKT3",10196499,PI3K/MTOR signaling,10196499,GDSC1,884,MGH,565,,,9952773,TAK-715,#N/A
228,AKT inhibitor VIII,"Akti-1/2, KIN001-102","AKT1, AKT2, AKT3",10196499,PI3K/MTOR signaling,10196499,GDSC1,919,MGH,565,,,44819241,Talazoparib,Genome integrity
178,BAY-61-3606,"Syk Inhibitor, BAY-613606",SYK,10200390,"Other, kinases",10200390,GDSC1,878,MGH,565,,,2733526,Tamoxifen,#N/A
38,Saracatinib,"AZD0530, AZD-0530, AZ-10353926","ABL, SRC",10302451,"Other, kinases",10302451,GDSC1,407,MGH,565,,,6505803,Tanespimycin,#N/A
1028,VX-702,"VX702, VX 702",p38,10341154,JNK and p38 signaling,10341154,GDSC1,941,SANGER,565,,,6918289,Temsirolimus,#N/A
1046,Wee1 Inhibitor,"681640, Wee1 Inhibitor","WEE1, CHEK1",10384072,Cell cycle,10384072,GDSC1,856,SANGER,565,,,9907093,TGX221,#N/A
1046,Wee1 Inhibitor,"681640, Wee1 Inhibitor","WEE1, CHEK1",10384072,Cell cycle,10384072,GDSC2,755,SANGER,565,,,446378,Thapsigargin,#N/A
1930,Telomerase Inhibitor IX,"MST-312, MST 312, MST312",Telomerase,10385095,Genome integrity,10385095,GDSC2,752,SANGER,565,,,none,THZ-2-102-1,Chromatin histone acetylation
62,BMS-536924,BMS 536924,"IGF1R, IR",10390396,IGF1R signaling,10390396,GDSC1,398,MGH,565,,,none,THZ-2-49,Chromatin histone acetylation
1091,BMS-536924,BMS 536924,"IGF1R, IR",10390396,IGF1R signaling,10390396,GDSC1,922,SANGER,565,,,159324,Tipifarnib,#N/A
1091,BMS-536924,BMS 536924,"IGF1R, IR",10390396,IGF1R signaling,10390396,GDSC2,752,SANGER,565,,,9911830,Tivozanib,#N/A
290,KIN001-260,"Bayer IKKb inhibitor, ACHP",IKKB,10451420,"Other, kinases",10451420,GDSC1,917,MGH,565,,,none,TL-1-85,Chromatin histone acetylation
1039,SL0101,"SL-0101, SL 0101-1","RSK, AURKB, PIM1, PIM3",10459196,"Other, kinases",10459196,GDSC1,929,SANGER,565,,,none,TL-2-105,Chromatin histone acetylation
6,PHA-665752,"PHA665752, PHA 665752",MET,10461815,RTK signaling,10461815,GDSC1,407,MGH,565,,,5494449,Tozasertib,#N/A
1022,AZD7762,"AZD-7762, AZD 7762","CHEK1, CHEK2",11152667,Cell cycle,11152667,GDSC1,945,SANGER,565,,,9903786,TPCA-1,#N/A
1022,AZD7762,"AZD-7762, AZD 7762","CHEK1, CHEK2",11152667,Cell cycle,11152667,GDSC2,764,SANGER,565,,,11707110,Trametinib,ERK MAPK signaling
268,Sepantronium bromide,"YM155, YM-155, YM 155",BIRC5,11178236,Apoptosis regulation,11178236,GDSC1,878,MGH,565,,,444795,Tretinoin,#N/A
1941,Sepantronium bromide,"YM155, YM-155, YM 155",BIRC5,11178236,Apoptosis regulation,11178236,GDSC2,752,SANGER,565,,,53394750,Tubastatin A,Chromatin histone acetylation
1910,ABT737,,"BCL2, BCL-XL,  BCL-W, BCL-B, BFL1",11228183,Apoptosis regulation,11228183,GDSC2,751,SANGER,565,,,11455910,TW 37,Apoptosis regulation
293,Amuvatinib,"MP470, MP 470, MP-470","KIT, PDGFRA, FLT3",11282283,RTK signaling,11282283,GDSC1,912,MGH,565,,,46224516,UNC0638,Chromatin histone methylation
1061,SB590885,SB-590885,BRAF,11316960,ERK MAPK signaling,11316960,GDSC1,908,SANGER,565,,,57339144,UNC1215,Chromatin other
1038,NU7441,"KU-57788, NU-7432, NU-7741",DNAPK,11327430,Genome integrity,11327430,GDSC1,940,SANGER,565,,,11960529,Veliparib,Genome integrity
1038,NU7441,"KU-57788, NU-7432, NU-7741",DNAPK,11327430,Genome integrity,11327430,GDSC2,48,SANGER,565,,,6710780,Vinblastine,#N/A
219,AT-7519,AT7519,"CDK1, CDK2, CDK4, CDK6, CDK9",11338033,Cell cycle,11338033,GDSC1,907,MGH,565,,,5311497,Vinorelbine ,#N/A
60,BI-2536,,"PLK1, PLK2, PLK3",11364421,Cell cycle,11364421,GDSC1,397,MGH,565,,,24776445,Vismodegib,Other
1086,BI-2536,,"PLK1, PLK2, PLK3",11364421,Cell cycle,11364421,GDSC2,44,SANGER,565,,,24894414,VNLG/124,Chromatin histone acetylation
230,GSK429286A,,"ROCK1, ROCK2",11373846,Cytoskeleton,11373846,GDSC1,919,MGH,565,,,11634725,VX-11e,ERK MAPK signaling
182,Obatoclax Mesylate,"GX15-070MS, Obatoclax, GX15-070","BCL2, BCL-XL, BCL-W, MCL1",11404337,Apoptosis regulation,11404337,GDSC1,869,MGH,565,,,10341154,VX-702,#N/A
1068,Obatoclax Mesylate,"GX15-070MS, Obatoclax, GX15-070","BCL2, BCL-XL, BCL-W, MCL1",11404337,Apoptosis regulation,11404337,GDSC2,728,SANGER,565,,,11844351,WH-4-023,"Other, kinases"
1047,Nutlin-3a (-),,MDM2,11433190,p53 pathway,11433190,GDSC1,947,SANGER,565,,,42642645,WIKI4,RTK signaling
1047,Nutlin-3a (-),,MDM2,11433190,p53 pathway,11433190,GDSC2,773,SANGER,565,,,49821040,WZ-1-84,"Other, kinases"
1149,TW 37,"TW37, TW-37","BCL2, BCL-XL, MCL1",11455910,Apoptosis regulation,11455910,GDSC1,939,SANGER,565,,,none,WZ3105,Chromatin histone acetylation
277,Linifanib,"ABT-869, ABT 869","VEGFR1, VEGFR2, VEGFR3, CSF1R, FLT3, KIT",11485656,RTK signaling,11485656,GDSC1,920,MGH,565,,,2726824,XAV939,#N/A
1549,Sapitinib,AZD8931,"EGFR, ERBB2, ERBB3",11488320,EGFR signaling,11488320,GDSC2,804,SANGER,565,,,none,XMD11-85h,Chromatin histone acetylation
263,FR-180204,"FR 180204, FR180204, ERK Inhibitor II","ERK1, ERK2",11493598,ERK MAPK signaling,11493598,GDSC1,918,MGH,565,,,none,XMD13-2,Chromatin histone acetylation
1133,Serdemetan,JNJ-26854165,MDM2,11609586,p53 pathway,11609586,GDSC1,938,SANGER,565,,,none,XMD14-99,Chromatin histone acetylation
193,GW-2580,"GX2580, CFMS receptor tyrosine kinase inhibitor",CSF1R,11617559,RTK signaling,11617559,GDSC1,920,MGH,565,,,none,XMD15-27,Chromatin histone acetylation
1043,JNK Inhibitor VIII,,JNK,11624601,JNK and p38 signaling,11624601,GDSC1,943,SANGER,565,,,46844147,XMD8-85,Other
238,Idelalisib,"CAL-101, Zydelig",PI3Kdelta,11625818,PI3K/MTOR signaling,11625818,GDSC1,920,MGH,565,,,46843772,XMD8-92,ERK MAPK signaling
37,Crizotinib,"Xalkori, PF2341066, PF-2341066, PF 2341066","MET, ALK, ROS1",11626560,RTK signaling,11626560,GDSC1,406,MGH,565,,,9810884,Y-39983,#N/A
1083,Crizotinib,"Xalkori, PF2341066, PF-2341066, PF 2341066","MET, ALK, ROS1",11626560,RTK signaling,11626560,GDSC2,737,SANGER,565,,,44632017,YK-4-279,Other
91,GSK319347A,"KIN001-135, IKK-3 inhibitor",IKK,11626927,"Other, kinases",11626927,GDSC1,401,MGH,565,,,9956222,YM201636,#N/A
262,VX-11e,"VX11e, VX11e",ERK2,11634725,ERK MAPK signaling,11634725,GDSC1,918,MGH,565,,,none,ZG-10,Chromatin histone acetylation
2096,VX-11e,"VX11e, VX11e",ERK2,11634725,ERK MAPK signaling,11634725,GDSC2,746,SANGER,565,,,9910224,Zibotentan,#N/A
185,Linsitinib,"OSI-906, ASP-7487",IGF1R,11640390,IGF1R signaling,11640390,GDSC1,874,MGH,565,,,16760646,Z-LLNle-CHO,Other
1510,Linsitinib,"OSI-906, ASP-7487",IGF1R,11640390,IGF1R signaling,11640390,GDSC2,804,SANGER,565,,,9914412,ZM447439,#N/A
223,ZSTK474,"KIN001-167, ZSTK-474, ZSTK 474",PI3K (class 1),11647372,PI3K/MTOR signaling,11647372,GDSC1,917,MGH,565,,,11647372,ZSTK474,PI3K/MTOR signaling
1852,LY2109761,5XE,TGFB1,11655119,Other,11655119,GDSC2,728,SANGER,565,,,,,
1029,Motesanib,"AMG-706, AMG 706, AMG706","VEGFR, RET, KIT, PDGFR",11667893,RTK signaling,11667893,GDSC1,941,SANGER,565,,,,,
29,AZ628,"AZ-628, AZ 628",BRAF,11676786,ERK MAPK signaling,11676786,GDSC1,402,MGH,565,,,,,
1372,Trametinib,"GSK1120212, Mekinist","MEK1, MEK2",11707110,ERK MAPK signaling,11707110,GDSC1,892,SANGER,565,,,,,
1372,Trametinib,"GSK1120212, Mekinist","MEK1, MEK2",11707110,ERK MAPK signaling,11707110,GDSC2,771,SANGER,565,,,,,
158,PF-562271,PF-00562271,"FAK, FAK2",11713159,Cytoskeleton,11713159,GDSC1,871,MGH,565,,,,,
222,BX-912,,PDK1 (PDPK1),11754511,Metabolism,11754511,GDSC1,920,MGH,565,,,,,
56,WH-4-023,KIN001-112,"SRC, LCK",11844351,"Other, kinases",11844351,GDSC1,396,MGH,565,,,,,
1018,Veliparib,"ABT-888, ABT888, ABT 888","PARP1, PARP2",11960529,Genome integrity,11960529,GDSC1,947,SANGER,565,,,,,
1057,Dactolisib,"NVP-BEZ235, BEZ235","PI3K (class 1), MTORC1, MTORC2",11977753,PI3K/MTOR signaling,11977753,GDSC1,932,SANGER,565,,,,,
1057,Dactolisib,"NVP-BEZ235, BEZ235","PI3K (class 1), MTORC1, MTORC2",11977753,PI3K/MTOR signaling,11977753,GDSC2,752,SANGER,565,,,,,
35,NVP-TAE684,"NVP-TAE 684, TAE684, TAE-684",ALK,16038120,RTK signaling,16038120,GDSC1,404,MGH,565,,,,,
127,GSK269962A,GSK 269962A,"ROCK1, ROCK2",16095342,Cytoskeleton,16095342,GDSC1,399,MGH,565,,,,,
1192,GSK269962A,GSK 269962A,"ROCK1, ROCK2",16095342,Cytoskeleton,16095342,GDSC1,922,SANGER,565,,,,,
1192,GSK269962A,GSK 269962A,"ROCK1, ROCK2",16095342,Cytoskeleton,16095342,GDSC2,49,SANGER,565,,,,,
2046,MK-8776,SCH900776,"CHEK1, CHEK2, CDK2",16224745,Cell cycle,16224745,GDSC2,749,SANGER,565,,,,,
1996,MIM1,"MIM 1, MIM-1",MCL1,16241412,Apoptosis regulation,16241412,GDSC2,752,SANGER,565,,,,,
64,CMK,KIN001-128,RSK2,16663089,"Other, kinases",16663089,GDSC1,399,MGH,565,,,,,
1529,Pevonedistat,"MLN4924, MLN 4924, MLN-4924",NAE,16720766,Other,16720766,GDSC1,701,SANGER,565,,,,,
1529,Pevonedistat,"MLN4924, MLN 4924, MLN-4924",NAE,16720766,Other,16720766,GDSC2,750,SANGER,565,,,,,
306,Fedratinib,"TG101348, TG-101348, SAR302503, SAR-302503",JAK2,16722836,"Other, kinases",16722836,GDSC1,920,MGH,565,,,,,
326,GSK690693,"GSK 690693, GSK-690693","AKT1, AKT2, AKT3",16725726,PI3K/MTOR signaling,16725726,GDSC1,916,MGH,565,,,,,
295,NVP-BHG712,BHG712,EPHB4,16747388,RTK signaling,16747388,GDSC1,918,MGH,565,,,,,
45,Z-LLNle-CHO,"Z-L-Norleucine-CHO, Gamma-Secretase Inhibitor 1",gamma-secretase,16760646,Other,16760646,GDSC1,399,MGH,565,,,,,
1058,Pictilisib,"GDC-0941, GDC0941, RG-7621",PI3K (class 1),17755052,PI3K/MTOR signaling,17755052,GDSC1,934,SANGER,565,,,,,
1058,Pictilisib,"GDC-0941, GDC0941, RG-7621",PI3K (class 1),17755052,PI3K/MTOR signaling,17755052,GDSC2,766,SANGER,565,,,,,
1527,Pictilisib,"GDC-0941, GDC0941, RG-7621",PI3K (class 1),17755052,PI3K/MTOR signaling,17755052,GDSC1,881,SANGER,565,,,,,
63,BMS-509744,"KIN001-127, ITK inhibitor",ITK,20635522,"Other, kinases",20635522,GDSC1,400,MGH,565,,,,,
1017,Olaparib,"AZD2281, KU0059436,  Lynparza","PARP1, PARP2",23725625,Genome integrity,23725625,GDSC1,946,SANGER,565,,,,,
1017,Olaparib,"AZD2281, KU0059436,  Lynparza","PARP1, PARP2",23725625,Genome integrity,23725625,GDSC2,762,SANGER,565,,,,,
1495,Olaparib,"AZD2281, KU0059436,  Lynparza","PARP1, PARP2",23725625,Genome integrity,23725625,GDSC1,906,SANGER,565,,,,,
1036,PLX-4720,"PLX4720, PLX 4720",BRAF,24180719,ERK MAPK signaling,24180719,GDSC1,944,SANGER,565,,,,,
1036,PLX-4720,"PLX4720, PLX 4720",BRAF,24180719,ERK MAPK signaling,24180719,GDSC2,797,SANGER,565,,,,,
1371,PLX-4720,"PLX4720, PLX 4720",BRAF,24180719,ERK MAPK signaling,24180719,GDSC1,925,SANGER,565,,,,,
1557,LCL161,,"XIAP, IAP1, IAP2",24737642,Apoptosis regulation,24737642,GDSC2,727,SANGER,565,,,,,
1621,PCI-34051,AK298746,"HDAC8, HDAC6, HDAC1",24753719,Chromatin histone acetylation,24753719,GDSC2,728,SANGER,565,,,,,
273,CUDC-101,CUDC 101,"HDAC1-10, EGFR, ERBB2",24756910,Other,24756910,GDSC1,899,MGH,565,,,,,
1051,Alisertib,MLN8237,AURKA,24771867,Mitosis,24771867,GDSC2,730,SANGER,565,,,,,
328,SNX-2112,SNX 2112,HSP90,24772860,Protein stability and degradation,24772860,GDSC1,907,MGH,565,,,,,
1033,Vismodegib,"GDC0449, Erivedge",SMO,24776445,Other,24776445,GDSC1,949,SANGER,565,,,,,
184,BMS-754807,"BMS754807, BMS 754807","IGF1R, IR",24785538,RTK signaling,24785538,GDSC1,872,MGH,565,,,,,
1924,Ipatasertib,"GDC0068, GDC 0068, GDC-0068","AKT1, AKT, AKT3",24788740,PI3K/MTOR signaling,24788740,GDSC2,752,SANGER,565,,,,,
1799,Ibrutinib,"PCI-32765, CRA-032765, PCI-32765-00",BTK,24821094,"Other, kinases",24821094,GDSC2,724,SANGER,565,,,,,
54,CGP-082996,"CINK4, KIN001-021",CDK4,24825971,Cell cycle,24825971,GDSC1,399,MGH,565,,,,,
155,Ponatinib,"AP24534, AP-24534, KIN001-192, Iclusig","ABL, PDGFRA, VEGFR2, FGFR1, SRC, TIE2, FLT3",24826799,"Other, kinases",24826799,GDSC1,884,MGH,565,,,,,
1179,MK-1775,AZD1775,"WEE1, PLK1",24856436,Cell cycle,24856436,GDSC2,770,SANGER,565,,,,,
1564,SCH772984,CS-1421,"ERK1, ERK2",24866313,ERK MAPK signaling,24866313,GDSC2,804,SANGER,565,,,,,
1625,RVX-208,"1044870-39-4, Apabetalone",BRD4,24871506,Chromatin other,24871506,GDSC2,727,SANGER,565,,,,,
254,Quizartinib,"AC220, AC 220, AC-220, Asp-2689",FLT3,24889392,RTK signaling,24889392,GDSC1,920,MGH,565,,,,,
271,VNLG/124,HDAC inhibitor XV,"HDAC,RAR",24894414,Chromatin histone acetylation,24894414,GDSC1,914,MGH,565,,,,,
276,CAY10603,,"HDAC1, HDAC6",24951314,Chromatin histone acetylation,24951314,GDSC1,909,MGH,565,,,,,
1177,Niraparib,"MK-4827, MK4827","PARP1, PARP2",24958200,Genome integrity,24958200,GDSC2,728,SANGER,565,,,,,
1011,Navitoclax,"ABT-263, ABT263, ABT 263","BCL2, BCL-XL, BCL-W",24978538,Apoptosis regulation,24978538,GDSC1,942,SANGER,565,,,,,
1011,Navitoclax,"ABT-263, ABT263, ABT 263","BCL2, BCL-XL, BCL-W",24978538,Apoptosis regulation,24978538,GDSC2,751,SANGER,565,,,,,
177,GSK650394,"GSK-650394, GSK 650394","SGK2, SGK3",25022668,"Other, kinases",25022668,GDSC1,871,MGH,565,,,,,
1250,AZ960,"AZ 960, AZ-960","JAK2, JAK3",25099184,"Other, kinases",25099184,GDSC2,725,SANGER,565,,,,,
249,Cabozantinib,"BMS-907351, XL-184, Cometriq","VEGFR, MET, RET, KIT, FLT1, FLT3, FLT4, TIE2,AXL",25102847,RTK signaling,25102847,GDSC1,917,MGH,565,,,,,
202,GSK1904529A,"GSK-1904529A, GSK 1904529A","IGF1R, IR",25124816,RTK signaling,25124816,GDSC1,877,MGH,565,,,,,
1093,GSK1904529A,"GSK-1904529A, GSK 1904529A","IGF1R, IR",25124816,IGF1R signaling,25124816,GDSC2,801,SANGER,565,,,,,
206,Ruxolitinib,"INCB-18424, Ruxolitinib Phosphate, Jakafi","JAK1, JAK2",25126798,"Other, kinases",25126798,GDSC1,922,MGH,565,,,,,
1507,Ruxolitinib,"INCB-18424, Ruxolitinib Phosphate, Jakafi","JAK1, JAK2",25126798,"Other, kinases",25126798,GDSC2,728,SANGER,565,,,,,
283,Omipalisib,"GSK2126458, GSK-2126458, EX-8678, GSK458","PI3K (class 1), MTORC1, MTORC2",25167777,PI3K/MTOR signaling,25167777,GDSC1,920,MGH,565,,,,,
294,MPS-1-IN-1,,MPS1,25195352,Mitosis,25195352,GDSC1,916,MGH,565,,,,,
157,JNK-9L,"KIN001-204, JNK inhibitor 9l","JNK2, JNK3",25222038,JNK and p38 signaling,25222038,GDSC1,886,MGH,565,,,,,
2044,Pyridostatin,,G-quadruplex stabiliser,25227847,DNA replication,25227847,GDSC2,750,SANGER,565,,,,,
300,CX-5461,"CX5461, CX 5461",RNA Polymerase 1,25257557,Other,25257557,GDSC1,912,MGH,565,,,,,
1059,AZD8055,AZD-8055,"MTORC1, MTORC2",25262965,PI3K/MTOR signaling,25262965,GDSC1,935,SANGER,565,,,,,
1059,AZD8055,AZD-8055,"MTORC1, MTORC2",25262965,PI3K/MTOR signaling,25262965,GDSC2,96,SANGER,565,,,,,
1853,OF-1,,"BRPF1B, BRPF2",35397514,Chromatin histone acetylation,35397514,GDSC2,728,SANGER,565,,,,,
1615,CZC24832,GTPL6653,PI3Kgamma,42623951,PI3K/MTOR signaling,42623951,GDSC2,728,SANGER,565,,,,,
308,Foretinib,"GSK1363089, XL-880, EXEL-2880, GSK089","MET, KDR, TIE2, VEGFR3/FLT4, RON, PDGFR, FGFR1, EGFR",42642645,RTK signaling,42642645,GDSC1,915,MGH,565,,,,,
2040,Foretinib,"GSK1363089, XL-880, EXEL-2880, GSK089","MET, KDR, TIE2, VEGFR3/FLT4, RON, PDGFR, FGFR1, EGFR",42642645,RTK signaling,42642645,GDSC2,750,SANGER,565,,,,,
156,AZD6482,"AZD 6482, AZD-6482, AK-55409",PI3Kbeta,44137675,PI3K/MTOR signaling,44137675,GDSC1,883,MGH,565,,,,,
1066,AZD6482,"AZD 6482, AZD-6482, AK-55409",PI3Kbeta,44137675,PI3K/MTOR signaling,44137675,GDSC1,916,SANGER,565,,,,,
2169,AZD6482,"AZD 6482, AZD-6482, AK-55409",PI3Kbeta,44137675,PI3K/MTOR signaling,44137675,GDSC2,48,SANGER,565,,,,,
291,KIN001-266,,MAP3K8,44143370,ERK MAPK signaling,44143370,GDSC1,917,MGH,565,,,,,
1014,Refametinib,"RDEA119, BAY-86-9766, BAY 869766","MEK1, MEK2",44182295,ERK MAPK signaling,44182295,GDSC1,927,SANGER,565,,,,,
1526,Refametinib,"RDEA119, BAY-86-9766, BAY 869766","MEK1, MEK2",44182295,ERK MAPK signaling,44182295,GDSC1,874,SANGER,565,,,,,
299,OSI-027,A-1065-5,"MTORC1, MTORC2",44224160,PI3K/MTOR signaling,44224160,GDSC1,906,MGH,565,,,,,
1594,OSI-027,A-1065-5,"MTORC1, MTORC2",44224160,PI3K/MTOR signaling,44224160,GDSC2,265,SANGER,565,,,,,
1052,RO-3306,,CDK1,44450571,Cell cycle,44450571,GDSC1,946,SANGER,565,,,,,
1052,RO-3306,,CDK1,44450571,Cell cycle,44450571,GDSC2,49,SANGER,565,,,,,
1631,PRT062607,"P505-15, PRT-2607, BIIB-057",SYK,44462758,"Other, kinases",44462758,GDSC2,728,SANGER,565,,,,,
1373,Dabrafenib,"GSK2118436, Tafinlar",BRAF,44462760,ERK MAPK signaling,44462760,GDSC1,870,SANGER,565,,,,,
1373,Dabrafenib,"GSK2118436, Tafinlar",BRAF,44462760,ERK MAPK signaling,44462760,GDSC2,757,SANGER,565,,,,,
152,CP466722,"CP-466722, CP 466722, 1080622-86-1",ATM,44551660,Genome integrity,44551660,GDSC1,921,MGH,565,,,,,
1632,Ribociclib,"LEE011, NVP-LEE011, LEE011-BBA","CDK4, CDK6",44631912,Cell cycle,44631912,GDSC2,47,SANGER,565,,,,,
1239,YK-4-279,YK 4-279,RNA helicase A,44632017,Other,44632017,GDSC1,792,SANGER,565,,,,,
1239,YK-4-279,YK 4-279,RNA helicase A,44632017,Other,44632017,GDSC2,752,SANGER,565,,,,,
1259,Talazoparib,"BMN-673, BMN 973","PARP1, PARP2",44819241,Genome integrity,44819241,GDSC1,910,SANGER,565,,,,,
1259,Talazoparib,"BMN-673, BMN 973","PARP1, PARP2",44819241,Genome integrity,44819241,GDSC2,748,SANGER,565,,,,,
301,PHA-793887,"PHA793887, PHA 793887","CDK2, CDK7, CDK5",46191454,Cell cycle,46191454,GDSC1,918,MGH,565,,,,,
245,UNC0638,"UNC-0638, UNC 0683",G9a and GLP methyltransferases,46224516,Chromatin histone methylation,46224516,GDSC1,913,MGH,565,,,,,
1236,UNC0638,"UNC-0638, UNC 0683",G9a and GLP methyltransferases,46224516,Chromatin histone methylation,46224516,GDSC1,927,SANGER,565,,,,,
1849,Sabutoclax,BI-97C1,"BCL2,  BCL-XL,  BFL1, MCL1",46236925,Apoptosis regulation,46236925,GDSC2,726,SANGER,565,,,,,
1912,Afuresertib,"GSK2110183, GSK2110183C","AKT1, AKT2, AKT3",46843057,PI3K/MTOR signaling,46843057,GDSC2,751,SANGER,565,,,,,
1164,XMD8-92,XMD 8-92,MAPK7,46843772,ERK MAPK signaling,46843772,GDSC1,495,SANGER,565,,,,,
106,XMD8-85,ERK5-IN-1,"ERK5, BET",46844147,Other,46844147,GDSC1,396,MGH,565,,,,,
205,Avagacestat,"BMS-708163, BMS 708163","Amyloid beta20, Amyloid beta40",46883536,Other,46883536,GDSC1,920,MGH,565,,,,,
1072,Avagacestat,"BMS-708163, BMS 708163","Amyloid beta20, Amyloid beta40",46883536,Other,46883536,GDSC1,941,SANGER,565,,,,,
226,GSK1070916,GSK-1070916,"AURKA, AURKC",46885626,Mitosis,46885626,GDSC1,873,MGH,565,,,,,
163,JQ1,"JQ-1, (+)-JQ-1","BRD2, BRD3, BRD4, BRDT",46907787,Chromatin other,46907787,GDSC1,886,MGH,565,,,,,
1218,JQ1,"JQ-1, (+)-JQ-1","BRD2, BRD3, BRD4, BRDT",46907787,Chromatin other,46907787,GDSC1,911,SANGER,565,,,,,
2172,JQ1,"JQ-1, (+)-JQ-1","BRD2, BRD3, BRD4, BRDT",46907787,Chromatin other,46907787,GDSC2,48,SANGER,565,,,,,
1180,Dinaciclib,"SCH727965, SCH 727965, SCH-727-965, MK-7965","CDK1, CDK2, CDK5, CDK9",46926350,Cell cycle,46926350,GDSC2,727,SANGER,565,,,,,
1598,LGK974,LGK-974,PORCN,46926973,WNT signaling,46926973,GDSC2,804,SANGER,565,,,,,
1053,MK-2206,"MK 2206, MK2206","AKT1, AKT2",46930998,PI3K/MTOR signaling,46930998,GDSC1,901,SANGER,565,,,,,
1053,MK-2206,"MK 2206, MK2206","AKT1, AKT2",46930998,PI3K/MTOR signaling,46930998,GDSC2,771,SANGER,565,,,,,
279,BIX02189,BIX 02189,"MEK5, ERK5",46931012,ERK MAPK signaling,46931012,GDSC1,917,MGH,565,,,,,
1933,P22077,"P 22077, P-22077","USP7, USP47",46931953,Protein stability and degradation,46931953,GDSC2,752,SANGER,565,,,,,
275,I-BET-762,GSK525762A,"BRD2, BRD3, BRD4",46943432,Chromatin other,46943432,GDSC1,915,MGH,565,,,,,
1624,I-BET-762,GSK525762A,"BRD2, BRD3, BRD4",46943432,Chromatin other,46943432,GDSC2,727,SANGER,565,,,,,
281,Alectinib,"CH5424802, CH 542802, Alecensa",ALK,49806720,RTK signaling,49806720,GDSC1,917,MGH,565,,,,,
59,WZ-1-84,KIN001-123,BMX,49821040,"Other, kinases",49821040,GDSC1,399,MGH,565,,,,,
83,JW-7-52-1,NA,MTOR,49836027,PI3K/MTOR signaling,49836027,GDSC1,384,MGH,565,,,,,
1909,Venetoclax,"ABT-199, Veneclexta, GDC-0199",BCL2,49846579,Apoptosis regulation,49846579,GDSC2,756,SANGER,565,,,,,
1617,AZD5582,"GTPL7710, AOB5560","XIAP, cIAP",49847690,Apoptosis regulation,49847690,GDSC2,716,SANGER,565,,,,,
2111,VE821,"VE 821, VE-821",ATR,51000408,Genome integrity,51000408,GDSC2,744,SANGER,565,,,,,
1561,Taselisib,"GDC-0032, GDC0032, RG7604",PI3K (beta sparing),51001932,PI3K/MTOR signaling,51001932,GDSC2,805,SANGER,565,,,,,
1786,AZD4547,1035270-39-3,"FGFR1, FGFR2, FGFR3",51039095,RTK signaling,51039095,GDSC2,757,SANGER,565,,,,,
1553,Uprosertib,"GSK2141795, GSK2141795C, GSK-2141795","AKT1, AKT2, AKT3",51042438,PI3K/MTOR signaling,51042438,GDSC2,735,SANGER,565,,,,,
2106,Uprosertib,"GSK2141795, GSK2141795C, GSK-2141795","AKT1, AKT2, AKT3",51042438,PI3K/MTOR signaling,51042438,GDSC2,745,SANGER,565,,,,,
1129,PF-4708671,"PF 4708671, PF4708671",S6K1,51371303,PI3K/MTOR signaling,51371303,GDSC1,930,SANGER,565,,,,,
1129,PF-4708671,"PF 4708671, PF4708671",S6K1,51371303,PI3K/MTOR signaling,51371303,GDSC2,49,SANGER,565,,,,,
1918,AZD8186,"AZD 8186, AZD-8186","PI3Kalpha, PI3Kbeta",52913813,PI3K/MTOR signaling,52913813,GDSC2,752,SANGER,565,,,,,
1131,PRIMA-1MET,"Prima 1MET, APR-246",TP53 activation,52918385,p53 pathway,52918385,GDSC2,728,SANGER,565,,,,,
159,HG6-64-1,KIN001-206,BRAF,53302361,ERK MAPK signaling,53302361,GDSC1,881,MGH,565,,,,,
260,NG-25,NG25,"TAK1, MAP4K2",53340664,"Other, kinases",53340664,GDSC1,918,MGH,565,,,,,
265,Tubastatin A,,"HDAC1, HDAC6, HDAC8",53394750,Chromatin histone acetylation,53394750,GDSC1,916,MGH,565,,,,,
1618,GSK2606414,AK175551,PERK,53469448,Metabolism,53469448,GDSC2,721,SANGER,565,,,,,
192,LFM-A13,DDE-28,BTK,54676905,"Other, kinases",54676905,GDSC1,878,MGH,565,,,,,
1230,IOX2,"IOX-2, IOX 2, AK176060",EGLN1,54685215,Other,54685215,GDSC1,926,SANGER,565,,,,,
1917,AZD6738,"AZD 6738, AZD-6738",ATR,54761306,Genome integrity,54761306,GDSC2,752,SANGER,565,,,,,
1913,AGI-5198,IDH-C35,IDH1 (R132H),56645356,Metabolism,56645356,GDSC2,752,SANGER,565,,,,,
1560,Alpelisib,"BYL719, BYL-719, NVP-BYL719",PI3Kalpha,56649450,PI3K/MTOR signaling,56649450,GDSC2,804,SANGER,565,,,,,
1925,GDC0810,"GDC-0810, GDC 0810","ESR1, ESR2",56941241,Hormone-related,56941241,GDSC2,752,SANGER,565,,,,,
1237,EPZ004777,EPZ-004777,DOT1L,56962336,Chromatin histone methylation,56962336,GDSC2,801,SANGER,565,,,,,
1264,SGC0946,,DOT1L,56962337,Chromatin histone methylation,56962337,GDSC1,908,SANGER,565,,,,,
287,KIN001-244,PDK1 inhibitor 7,PDK1 (PDPK1),56965967,Metabolism,56965967,GDSC1,917,MGH,565,,,,,
1262,UNC1215,UNC-1215,L3MBTL3,57339144,Chromatin other,57339144,GDSC1,909,SANGER,565,,,,,
1563,EPZ5676,"EPZ-5676, Pinometostat",DOT1L,57345410,Chromatin histone methylation,57345410,GDSC2,801,SANGER,565,,,,,
1622,Wnt-C59,"AOB3540, AK161197",PORCN,57519544,WNT signaling,57519544,GDSC2,728,SANGER,565,,,,,
1613,VE-822,"VE 822, VE822, Berzosertib",ATR,59472121,Genome integrity,59472121,GDSC2,728,SANGER,565,,,,,
1630,Entospletinib,GS-9973,SYK,59473233,"Other, kinases",59473233,GDSC2,728,SANGER,565,,,,,
1629,ML323,"GTPL7898, AOB2313,","USP1, UAF1",60167849,Protein stability and degradation,60167849,GDSC2,728,SANGER,565,,,,,
345,KIN001-270,"CDK9 inhibitor, CDK9-IN-1",CDK9,66577006,Cell cycle,66577006,GDSC1,918,MGH,565,,,,,
1927,GSK2578215A,"GSK 2578215A,  GSK-2578215A",LRRK2,68107965,"Other, kinases",68107965,GDSC2,752,SANGER,565,,,,,
1936,Savolitinib,"AZD6094, Volitinib, AZD-6094, AZD 6094",MET,68289010,RTK signaling,68289010,GDSC2,751,SANGER,565,,,,,
2045,AMG-319,AMG319,PI3K (beta sparing),68947304,PI3K/MTOR signaling,68947304,GDSC2,747,SANGER,565,,,,,
1926,GNE-317,"GNE317, GNE 317",PI3Kalpha,70676303,PI3K/MTOR signaling,70676303,GDSC2,738,SANGER,565,,,,,
1627,GSK343,"GTPL8240, AOB3680, AK175558",EZH2,71268957,Chromatin histone methylation,71268957,GDSC2,727,SANGER,565,,,,,
1219,PFI-1,,BRD4,71271629,Chromatin other,71271629,GDSC1,927,SANGER,565,,,,,
1997,WEHI-539,"WEHI539, WEHI-539",BCL-XL,71297207,Apoptosis regulation,71297207,GDSC2,752,SANGER,565,,,,,
1634,AGI-6780,AK162157,IDH2 R140Q mutant,71299339,Metabolism,71299339,GDSC2,728,SANGER,565,,,,,
1919,Osimertinib,"AZD9291, AZD 9291, AZD-9291, Tagrisso, Mereletinib",EGFR,71496458,EGFR signaling,71496458,GDSC2,752,SANGER,565,,,,,
1614,WZ4003,WZ 4003,"NUAK1, NUAK2",72200024,"Other, kinases",72200024,GDSC2,728,SANGER,565,,,,,
1855,KRAS (G12C) Inhibitor-12,GTPL8020,KRAS (G12C),73555129,ERK MAPK signaling,73555129,GDSC2,728,SANGER,565,,,,,
1915,AZD3759,,EGFR,78209992,EGFR signaling,78209992,GDSC2,760,SANGER,565,,,,,
1530,PFI-3,BDF00016096,"SMARCA2, SMARCA4, PB1",78243717,Chromatin other,78243717,GDSC1,846,SANGER,565,,,,,
1620,PFI3,"PFI-3, PFI 3, AOB2221","Polybromo 1, SMARCA4, SMARCA2",78243717,Chromatin other,78243717,GDSC2,728,SANGER,565,,,,,
1114,Cetuximab,"Erbitux, IMC-C225, C225, IMC-225, L01XC06",EGFR,85668777,EGFR signaling,85668777,GDSC1,873,SANGER,565,,,,,
2109,AZ6102,,"TNKS1, TNKS2",91663328,WNT signaling,91663328,GDSC2,746,SANGER,565,,,,,
1928,I-BRD9,"GSK602, GSK 602, GSK-602",BRD9,91668541,Chromatin other,91668541,GDSC2,752,SANGER,565,,,,,
2110,GSK591,"EPZ015866, GSK3203591",PMRT5,117072552,Chromatin histone methylation,117072552,GDSC2,745,SANGER,565,,,,,
2107,LJI308,,"RSK2, RSK1, RSK3",118704762,PI3K/MTOR signaling,118704762,GDSC2,746,SANGER,565,,,,,
1908,Ulixertinib,"BVD-523, VRT752271","ERK1, ERK2","11719003, 58641927",ERK MAPK signaling,"11719003, 58641927",GDSC2,752,SANGER,565,,,,,
2047,Ulixertinib,"BVD-523, VRT752271","ERK1, ERK2","11719003, 58641927",ERK MAPK signaling,"11719003, 58641927",GDSC2,749,SANGER,565,,,,,
1916,AZD5363,,"AKT1, AKT2, AKT3, ROCK2","25227436, 42602260","Other, kinases","25227436, 42602260",GDSC2,752,SANGER,565,,,,,
1873,Buparlisib,"BKM120, NVP-BKM120","PI3Kalpha, PI3Kdelta, PI3Kbeta, PI3Kgamma","66577015, 16654980",PI3K/MTOR signaling,"66577015, 16654980",GDSC2,752,SANGER,565,,,,,
164,JQ12,,"HDAC1, HDAC2",none,Chromatin histone acetylation,none,GDSC1,881,MGH,565,,,,,
211,TL-2-105,,not defined,none,Other,none,GDSC1,921,MGH,565,,,,,
225,Genentech Cpd 10,,"AURKA, AURKB",none,Mitosis,none,GDSC1,918,MGH,565,,,,,
231,FMK,KIN001-242,RSK,none,"Other, kinases",none,GDSC1,791,MGH,565,,,,,
235,QL-XII-47,,"BTK, BMX",none,"Other, kinases",none,GDSC1,911,MGH,565,,,,,
252,WZ3105,,"SRC, ROCK2, NTRK2, FLT3, IRAK1, others",none,Other,none,GDSC1,920,MGH,565,,,,,
253,XMD14-99,,"ALK, CDK7, LTK, others",none,"Other, kinases",none,GDSC1,920,MGH,565,,,,,
256,JW-7-24-1,,LCK,none,"Other, kinases",none,GDSC1,920,MGH,565,,,,,
257,NPK76-II-72-1,,PLK3,none,Cell cycle,none,GDSC1,917,MGH,565,,,,,
261,TL-1-85,,TAK,none,"Other, kinases",none,GDSC1,918,MGH,565,,,,,
286,KIN001-236,,Angiopoietin-1 receptor,none,RTK signaling,none,GDSC1,918,MGH,565,,,,,
329,QL-XI-92,,DDR1,none,Cytoskeleton,none,GDSC1,920,MGH,565,,,,,
330,XMD13-2,,RIPK1,none,Apoptosis regulation,none,GDSC1,919,MGH,565,,,,,
331,QL-X-138,,BTK,none,"Other, kinases",none,GDSC1,908,MGH,565,,,,,
332,XMD15-27,,CAMK2,none,"Other, kinases",none,GDSC1,920,MGH,565,,,,,
344,THZ-2-49,,CDK9,none,Cell cycle,none,GDSC1,905,MGH,565,,,,,
346,THZ-2-102-1,,CDK7,none,Cell cycle,none,GDSC1,896,MGH,565,,,,,
1048,Mirin,,MRE11,none,Genome integrity,none,GDSC1,859,SANGER,565,,,,,
1048,Mirin,,MRE11,none,Genome integrity,none,GDSC2,728,SANGER,565,,,,,
1142,HG-5-113-01,,"LOK, LTK, TRCB, ABL(T315I)",none,Other,none,GDSC1,494,SANGER,565,,,,,
1143,HG-5-88-01,,"EGFR, ADCK4",none,"Other, kinases",none,GDSC1,493,SANGER,565,,,,,
1158,XMD11-85h,,"BRSK2, FLT4, MARK4, PRKCD, RET, SRPK1",none,"Other, kinases",none,GDSC1,494,SANGER,565,,,,,
1161,ZG-10,,JNK1,none,JNK and p38 signaling,none,GDSC1,494,SANGER,565,,,,,
1166,QL-VIII-58,,"MTOR, ATR",none,Other,none,GDSC1,496,SANGER,565,,,,,
1203,QL-XII-61,,"BMX, BTK",none,"Other, kinases",none,GDSC1,472,SANGER,565,,,,,
1261,rTRAIL,,TRAIL receptor agonist,none,Apoptosis regulation,none,GDSC1,918,SANGER,565,,,,,
17,Cyclopamine,,SMO,442972,Other,442972,GDSC1,396,MGH,565,,,,,
153,Midostaurin,"PKC412, benzoylstaurosporine, CGP-41251","PKC, PPK, FLT1, c-FGR, others",9829523,Other,9829523,GDSC1,888,MGH,565,,,,,
190,Bleomycin,,dsDNA break induction,5360373,DNA replication,5360373,GDSC1,862,MGH,565,,,,,
1034,Staurosporine,,Broad spectrum kinase inhibitor,44259,RTK signaling,44259,GDSC2,773,SANGER,565,,,,,
1911,Dactinomycin,"Actinomycin D, Cosmegen, Lyovac, Meractinomycin, Ac-De, ActD",RNA polymerase,457193,Other,457193,GDSC2,740,SANGER,565,,,,,
236,IC-87114,,PI3Kdelta,,PI3K/MTOR signaling,,GDSC1,919,MGH,565,,,,,
264,ACY-1215,,HDAC6,,Chromatin histone acetylation,,GDSC1,923,MGH,565,,,,,
284,JNJ38877605,,MET,,RTK signaling,,GDSC1,923,MGH,565,,,,,
285,SU11274,,MET,,RTK signaling,,GDSC1,924,MGH,565,,,,,
289,KIN001-042,,GSK3B,,WNT signaling,,GDSC1,923,MGH,565,,,,,
317,WYE-125132,,mTOR,,PI3K/MTOR signaling,,GDSC1,911,MGH,565,,,,,
342,Tenovin-6,,SIRT,,Chromatin histone acetylation,,GDSC1,925,MGH,565,,,,,
356,AT7867,,AKT,,PI3K/MTOR signaling,,GDSC1,925,MGH,565,,,,,
362,CI-1033,,"EGFR, ERBB2, ERBB4",,RTK signaling,,GDSC1,923,MGH,565,,,,,
363,PF-00299804,,"EGFR, ERBB2, ERBB4",,RTK signaling,,GDSC1,916,MGH,565,,,,,
366,TWS119,,GSK3,,WNT signaling,,GDSC1,925,MGH,565,,,,,
371,Torin 2,,mTOR,,PI3K/MTOR signaling,,GDSC1,877,MGH,565,,,,,
372,Pilaralisib,XL-147,PI3K,,PI3K/MTOR signaling,,GDSC1,925,MGH,565,,,,,
374,GSK1059615,,PI3K,,PI3K/MTOR signaling,,GDSC1,911,MGH,565,,,,,
375,Voxtalisib,"XL-765, SAR245409","PI3K (class 1), DNAPK, MTOR",,PI3K/MTOR signaling,,GDSC1,925,MGH,565,,,,,
376,"Brivanib, BMS-540215",,"VEGFR, PDGFR",,RTK signaling,,GDSC1,924,MGH,565,,,,,
380,BIBF-1120,,"VEGFR, PDGFR, FGFR",,RTK signaling,,GDSC1,924,MGH,565,,,,,
381,AST-1306,,"EGFR, ERBB4",,RTK signaling,,GDSC1,910,MGH,565,,,,,
382,Apitolisib,GDC0980,"mTOR, PI3K",,PI3K/MTOR signaling,,GDSC1,912,MGH,565,,,,,
406,LIMK1 inhibitor BMS4,,LIMK1,,Cytoskeleton,,GDSC1,925,MGH,565,,,,,
407,kb NB 142-70,,PKD,,"Other, kinases",,GDSC1,925,MGH,565,,,,,
408,Sphingosine Kinase 1 Inhibitor II,PF-543,Sphingosine Kinase,,"Other, kinases",,GDSC1,925,MGH,565,,,,,
409,"eEF2K Inhibitor, A-484954",,eEF2K,,"Other, kinases",,GDSC1,922,MGH,565,,,,,
410,"MetAP2 Inhibitor, A832234",,MetAP2,,Other,,GDSC1,909,MGH,565,,,,,
412,Venotoclax,"ABT-199, Veneclexta, GDC-0199",BCL-2 selective,,Apoptosis regulation,,GDSC1,911,MGH,565,,,,,
415,CPI-613,,"Metabo, Mitochondria",,Other,,GDSC1,915,MGH,565,,,,,
416,CAY10566,,Stearoyl-CoA desaturase,,Other,,GDSC1,910,MGH,565,,,,,
427,Ara-G,9-??-D-Arabinofuranosyl guanine,Anti-metabolite,,Other,,GDSC1,912,MGH,565,,,,,
428,Pemetrexed,,TYMS,,DNA replication,,GDSC1,905,MGH,565,,,,,
431,Alisertib,MLN8237,AURKA,,Mitosis,,GDSC1,896,MGH,565,,,,,
432,Flavopiridol,,CDK,,Cell cycle,,GDSC1,910,MGH,565,,,,,
435,C-75,,FAS,,Apoptosis regulation,,GDSC1,914,MGH,565,,,,,
436,"CAP-232, TT-232, TLN-232",,Glycolysis,,Metabolism,,GDSC1,912,MGH,565,,,,,
437,Trichostatin A,,HDAC,,Chromatin histone acetylation,,GDSC1,911,MGH,565,,,,,
438,Panobinostat,"Farydak, LBH589",HDAC,,Chromatin histone acetylation,,GDSC1,904,MGH,565,,,,,
439,LCL161,,"XIAP, cIAP1, cIAP2",,Apoptosis regulation,,GDSC1,910,MGH,565,,,,,
442,IMD-0354,,IKKb,,"Other, kinases",,GDSC1,918,MGH,565,,,,,
446,MIM1,,MCL-1,,Apoptosis regulation,,GDSC1,907,MGH,565,,,,,
447,ETP-45835,,"MNK1, MNK2",,"Other, kinases",,GDSC1,925,MGH,565,,,,,
449,CD532,,AURKA,,Mitosis,,GDSC1,926,MGH,565,,,,,
461,NSC319726,,P53 Mut specific,,p53 pathway,,GDSC1,879,MGH,565,,,,,
474,ARRY-520,,KIF11,,Mitosis,,GDSC1,905,MGH,565,,,,,
476,SB505124,"SB 505124, SB505124","TGFBR1, ACVR1B, ACVR1C",,RTK signaling,,GDSC1,910,MGH,565,,,,,
477,A-83-01,,TGFB,,Other,,GDSC1,911,MGH,565,,,,,
478,LDN-193189,,BMP,,Other,,GDSC1,913,MGH,565,,,,,
546,FTY-720,Fingolimod hydrochloride; Gilenya; TDI-132; Imusera; Gilenia,S1P,,Other,,GDSC1,915,MGH,565,,,,,
552,BAM7,,Bax activator,,Other,,GDSC1,914,MGH,565,,,,,
562,AGI-6780,,IDH2(R140Q),,Metabolism,,GDSC1,915,MGH,565,,,,,
563,Kobe2602,,RAS effector,,RTK signaling,,GDSC1,913,MGH,565,,,,,
573,LGK974,,PORCN,,WNT signaling,,GDSC1,911,MGH,565,,,,,
574,Wnt-C59,,PORCN,,WNT signaling,,GDSC1,913,MGH,565,,,,,
576,RU-SKI 43,,Shh,,Other,,GDSC1,914,MGH,565,,,,,
1135,AZD4547,AZ6,"FGRF1, FGFR2, FGFR3",,RTK signaling,,GDSC1,938,SANGER,565,,,,,
1136,Capivasertib,AZ5363,AKT,,PI3K/MTOR signaling,,GDSC1,938,SANGER,565,,,,,
1184,AZ20,,ATR,,Genome integrity,,GDSC1,940,SANGER,565,,,,,
1185,KU-60019,,ATM,,Genome integrity,,GDSC1,939,SANGER,565,,,,,
1263,UNC0642,,"G9a(EHMT2), GLP(EHMT1)",,Chromatin histone methylation,,GDSC1,894,SANGER,565,,,,,
1266,ICL1100013,,N-myristoyltransferase 1/2,,Other,,GDSC1,912,SANGER,565,,,,,
1382,AZD3514,SN1019841295,AR,,Hormone-related,,GDSC1,930,SANGER,565,,,,,
1386,Doxorubicin,,Anthracycline,,DNA replication,,GDSC1,934,SANGER,565,,,,,
1392,Bleomycin (10 uM),,dsDNA break induction,,DNA replication,,GDSC1,930,SANGER,565,,,,,
1393,Gemcitabine,,Pyrimidine antimetabolite,,DNA replication,,GDSC1,932,SANGER,565,,,,,
1394,AZD6738,SN1034081770,ATR,,Genome integrity,,GDSC1,931,SANGER,565,,,,,
1401,AZD5438,SN1057898678,CDK2,,Cell cycle,,GDSC1,929,SANGER,565,,,,,
1401,AZD5438,SN1057898678,CDK2,,Cell cycle,,GDSC2,728,SANGER,565,,,,,
1402,AZD7762,SN1031853762,"CHEK1, CHEK2",,Cell cycle,,GDSC1,933,SANGER,565,,,,,
1403,AZD6094,SN1042487586,MET,,RTK signaling,,GDSC1,931,SANGER,565,,,,,
1407,Dyrk1b_0191,SN1008982787,DYRK1B,,"Other, kinases",,GDSC1,931,SANGER,565,,,,,
1409,AZD4877,SN1055467765,EG5,,Mitosis,,GDSC1,930,SANGER,565,,,,,
1413,EphB4_9721,SN1076287848,EPHB4,,RTK signaling,,GDSC1,928,SANGER,565,,,,,
1414,Fulvestrant,SN0117217688,ESR1,,Hormone-related,,GDSC1,928,SANGER,565,,,,,
1416,AZD8931,SN0216062465,"EGFR, ERBB2, ERBB3",,RTK signaling,,GDSC1,926,SANGER,565,,,,,
1419,FEN1_3940,SN1106019609,FEN1,,Genome integrity,,GDSC1,925,SANGER,565,,,,,
1421,FGFR_0939,SN1043317881,FGFR4,,RTK signaling,,GDSC1,932,SANGER,565,,,,,
1422,FGFR_3831,SN1037992934,"FGFR1, FGFR2, FGFR3, FGFR4",,RTK signaling,,GDSC1,930,SANGER,565,,,,,
1425,BPTES,SN1041594574,GLS,,Other,,GDSC1,929,SANGER,565,,,,,
1426,AZD7969,SN1098976045,GSK3B,,WNT signaling,,GDSC1,927,SANGER,565,,,,,
1427,AZD5582,SN1021632995,IAP,,Other,,GDSC1,920,SANGER,565,,,,,
1428,IAP_5620,SN1043546339,IAP,,Other,,GDSC1,922,SANGER,565,,,,,
1428,IAP_5620,SN1043546339,IAP,,Other,,GDSC2,725,SANGER,565,,,,,
1429,IAP_7638,SN1043547481,IAP,,Other,,GDSC1,921,SANGER,565,,,,,
1430,IGFR_3801,SN1056768819,IGFR1,,IGF1R signaling,,GDSC1,928,SANGER,565,,,,,
1432,AZD1480,SN1044232195,"JAK1, JAK2",,"Other, kinases",,GDSC1,933,SANGER,565,,,,,
1433,JAK1_3715,SN1042605297,JAK1,,"Other, kinases",,GDSC1,932,SANGER,565,,,,,
1434,JAK3_7406,SN1014281280,JAK3,,"Other, kinases",,GDSC1,931,SANGER,565,,,,,
1436,MCT1_6447,SN0177231247,MCT1,,Cell cycle,,GDSC1,910,SANGER,565,,,,,
1437,MCT4_1422,SN1043999849,MCT4,,Other,,GDSC1,931,SANGER,565,,,,,
1441,AZD2014,SN1103949359,"mTORC1, mTORC2",,PI3K/MTOR signaling,,GDSC1,931,SANGER,565,,,,,
1441,AZD2014,SN1103949359,"mTORC1, mTORC2",,PI3K/MTOR signaling,,GDSC2,728,SANGER,565,,,,,
1444,AZD8186,SN1028722848,"PI3Kbeta, PI3Kdelta",,PI3K/MTOR signaling,,GDSC1,928,SANGER,565,,,,,
1445,AZD8835,SN1040214596,"PI3Kalpha, PI3Kdelta",,PI3K/MTOR signaling,,GDSC1,922,SANGER,565,,,,,
1446,PI3Ka_4409,SN1037097676,"PI3Kalpha, PI3Kdelta",,PI3K/MTOR signaling,,GDSC1,926,SANGER,565,,,,,
1449,AZD1208,SN1028350371,"PIM1, PIM2, PIM3",,"Other, kinases",,GDSC1,933,SANGER,565,,,,,
1449,AZD1208,SN1028350371,"PIM1, PIM2, PIM3",,"Other, kinases",,GDSC2,727,SANGER,565,,,,,
1451,PLK_6522,SN1077317349,"PLK1, PLK2, PLK3",,Cell cycle,,GDSC1,916,SANGER,565,,,,,
1453,RAF_9304,SN1034259943,"ARAF, BRAF, CRAF",,ERK MAPK signaling,,GDSC1,931,SANGER,565,,,,,
1458,PARP_9495,SN1024601395,"PARP1, PARP2, PARP7",,Genome integrity,,GDSC1,923,SANGER,565,,,,,
1459,PARP_0108,SN1044053371,"PARP1, PARP2, PARP6",,Genome integrity,,GDSC1,930,SANGER,565,,,,,
1460,PARP_9482,SN1031920820,"PARP1, PARP2, PARP5a",,Genome integrity,,GDSC1,927,SANGER,565,,,,,
1461,TANK_1366,SN1032446568,"Tankyrase 1/2 (PARP5a, PARP5b)",,Genome integrity,,GDSC1,931,SANGER,565,,,,,
1463,AZD1332,SN1061387896,"NTRK1, NTRK2, NTRK3",,RTK signaling,,GDSC1,932,SANGER,565,,,,,
1463,AZD1332,SN1061387896,"NTRK1, NTRK2, NTRK3",,RTK signaling,,GDSC2,728,SANGER,565,,,,,
1464,TTK_3146,SN1080714093,TTK,,Mitosis,,GDSC1,931,SANGER,565,,,,,
1490,SN-38,SN1095903706,TOP1,,DNA replication,,GDSC1,924,SANGER,565,,,,,
1496,Cisplatin,Cisplatin,DNA crosslinker,,DNA replication,,GDSC1,931,SANGER,565,,,,,
1497,AZD4547,AZ6,"FGFR1, FGFR2, FGFR3",,RTK signaling,,GDSC1,885,SANGER,565,,,,,
1706,AZD5153,"SN1045566955, AZD5153",BRD4,,Chromatin other,,GDSC2,727,SANGER,565,,,,,
1708,CDK9_5576,"SN1047226266, CDK9_5576",CDK9,,Cell cycle,,GDSC2,727,SANGER,565,,,,,
1709,CDK9_5038,"SN1047483750, CDK9_5038",CDK9,,Cell cycle,,GDSC2,727,SANGER,565,,,,,
1712,Eg5_9814,"SN1047613775, Eg5_9814",KSP11,,Other,,GDSC2,724,SANGER,565,,,,,
1713,ERK_2440,"SN1051032892, ERK_2440","ERK1,ERK2",,ERK MAPK signaling,,GDSC2,728,SANGER,565,,,,,
1714,ERK_6604,"SN1047587618, ERK_6604","ERK1,ERK2",,ERK MAPK signaling,,GDSC2,728,SANGER,565,,,,,
1716,IRAK4_4710,"SN1050852374, IRAK4_4710",IRAK4,,"Other, kinases",,GDSC2,728,SANGER,565,,,,,
1718,JAK1_8709,"SN1049200060, JAK1_8709",JAK1,,"Other, kinases",,GDSC2,728,SANGER,565,,,,,
1720,AZD5991,"SN1049446612, AZD5991",MCL1,,Apoptosis regulation,,GDSC2,724,SANGER,565,,,,,
1730,PAK_5339,"SN1046290829, PAK_5339","PAK1, PAK2",,Cytoskeleton,,GDSC2,727,SANGER,565,,,,,
1732,TAF1_5496,"SN1050393042, TAF1_5496",TAF1,,Other,,GDSC2,727,SANGER,565,,,,,
1733,ULK1_4989,"SN1049257073, ULK1_4989",ULK1,,"Other, kinases",,GDSC2,726,SANGER,565,,,,,
1734,VSP34_8731,"SN1049998399, VSP34_8731",VSP34,,Other,,GDSC2,728,SANGER,565,,,,,
1736,Selumetinib,"SN1103949345, AZD1480","MEK1, MEK2",,ERK MAPK signaling,,GDSC2,728,SANGER,565,,,,,
1738,IGF1R_3801,"SN1051640224, IGF1R_3801",IGFR1,,IGF1R signaling,,GDSC2,727,SANGER,565,,,,,
1739,JAK_8517,"SN1066590414, JAK_8517","JAK1, JAK2",,"Other, kinases",,GDSC2,728,SANGER,565,,,,,
1802,Zoledronate,"Zoledronic acid, Zometa, Reclast",,,Unclassified,,GDSC2,728,SANGER,565,,,,,
1804,Acetalax,Oxyphenisatin acetate,,,Unclassified,,GDSC2,728,SANGER,565,,,,,
1806,Oxaliplatin,,DNA alkylating agent,,DNA replication,,GDSC2,728,SANGER,565,,,,,
1807,Carmustine,,,,DNA replication,,GDSC2,728,SANGER,565,,,,,
1808,Topotecan,,,,DNA replication,,GDSC2,728,SANGER,565,,,,,
1809,Teniposide,Vumon,,,DNA replication,,GDSC2,728,SANGER,565,,,,,
1810,Mitoxantrone,,,,DNA replication,,GDSC2,728,SANGER,565,,,,,
1811,Dactinomycin,Actinomycin D,,,Other,,GDSC2,728,SANGER,565,,,,,
1813,Fludarabine,Fludara,,,Unclassified,,GDSC2,728,SANGER,565,,,,,
1814,Nelarabine,"Atriance, Arranon",,,DNA replication,,GDSC2,727,SANGER,565,,,,,
1816,Fulvestrant,,,,Hormone-related,,GDSC2,728,SANGER,565,,,,,
1818,Vincristine,,,,Mitosis,,GDSC2,722,SANGER,565,,,,,
1819,Docetaxel,"RP-56976, Taxotere",Microtubule stabiliser,,Mitosis,,GDSC2,669,SANGER,565,,,,,
1825,Podophyllotoxin bromide,,,,Unclassified,,GDSC2,728,SANGER,565,,,,,
1827,Dihydrorotenone,,,,Unclassified,,GDSC2,726,SANGER,565,,,,,
1830,Gallibiscoquinazole,,,,Unclassified,,GDSC2,728,SANGER,565,,,,,
1835,Elephantin,,,,Unclassified,,GDSC2,728,SANGER,565,,,,,
1838,Sinularin,,,,Unclassified,,GDSC2,728,SANGER,565,,,,,
1866,BDP-00009066,,MRCKB_HUMAN,,Cytoskeleton,,GDSC2,752,SANGER,565,,,,,
1998,BPD-00008900,,,,Other,,GDSC2,752,SANGER,565,,,,,
2170,AT13148,,AKT1,,PI3K/MTOR signaling,,GDSC2,745,SANGER,565,,,,,
2171,BMS-754807,BMS-754807,"IGF1R, IR",,IGF1R signaling,,GDSC2,46,SANGER,565,,,,,
